sample,frame_time_ms,fps,entity_count,mesh_entities,hidden_meshes,named_gltf_meshes,point_lights,directional_lights,cameras,mesh_assets,material_assets,image_assets,manifest_placements,manifest_lights,bloom_intensity,bloom_threshold,bloom_softness,camera_mode,unlit_mode,lightmap_only_mode,lights_disabled
1,153.5865,6.5110,1860,475,148,475,11,0,1,225,183,390,842,11,0.1500,0.0000,0.0000,Fps,0,0,0
2,8.9169,112.1466,1860,475,148,475,11,0,1,225,183,390,842,11,0.1500,0.0000,0.0000,Fps,0,0,0
3,4.8715,205.2756,1860,475,148,475,11,0,1,225,183,390,842,11,0.1500,0.0000,0.0000,Fps,0,0,0
4,5.1705,193.4049,1860,475,148,475,11,0,1,225,183,390,842,11,0.1500,0.0000,0.0000,Fps,0,0,0
5,4.9841,200.6380,1860,475,148,475,11,0,1,225,183,390,842,11,0.1500,0.0000,0.0000,Fps,0,0,0
6,4.8078,207.9953,1860,475,148,475,11,0,1,225,183,390,842,11,0.1500,0.0000,0.0000,Fps,0,0,0
7,41.0923,24.3355,1860,475,148,475,11,0,1,225,183,390,842,11,0.1500,0.0000,0.0000,Fps,0,0,0
8,8.4913,117.7676,1860,475,148,475,11,0,1,225,183,390,842,11,0.1500,0.0000,0.0000,Fps,0,0,0
9,40.1646,24.8975,1860,475,148,475,11,0,1,225,183,390,842,11,0.1500,0.0000,0.0000,Fps,0,0,0
10,189.5865,5.2746,1860,475,148,475,11,0,1,225,183,390,842,11,0.1500,0.0000,0.0000,Fps,0,0,0
11,30.9107,32.3513,1860,475,148,475,11,0,1,225,183,390,842,11,0.1500,0.0000,0.0000,Fps,0,0,0
12,138.7695,7.2062,1860,475,148,475,11,0,1,225,183,390,842,11,0.1500,0.0000,0.0000,Fps,0,0,0
13,23.5047,42.5447,1860,475,148,475,11,0,1,225,183,390,842,11,0.1500,0.0000,0.0000,Fps,0,0,0
14,89.1670,11.2149,1860,475,148,475,11,0,1,225,183,390,842,11,0.1500,0.0000,0.0000,Fps,0,0,0
15,13.3861,74.7044,1860,475,148,475,11,0,1,225,183,390,842,11,0.1500,0.0000,0.0000,Fps,0,0,0
16,58.9433,16.9655,1860,475,148,475,11,0,1,225,183,390,842,11,0.1500,0.0000,0.0000,Fps,0,0,0
17,14.1537,70.6529,1860,475,148,475,11,0,1,225,183,390,842,11,0.1500,0.0000,0.0000,Fps,0,0,0
18,29.1818,34.2679,1860,475,148,475,11,0,1,225,183,390,842,11,0.1500,0.0000,0.0000,Fps,0,0,0
19,14.3708,69.5855,1860,475,148,475,11,0,1,225,183,390,842,11,0.1500,0.0000,0.0000,Fps,0,0,0
20,19.4136,51.5103,1860,475,148,475,11,0,1,225,183,390,842,11,0.1500,0.0000,0.0000,Fps,0,0,0
21,13.1219,76.2085,1860,475,148,475,11,0,1,225,183,390,842,11,0.1500,0.0000,0.0000,Fps,0,0,0
22,11.1216,89.9151,1860,475,148,475,11,0,1,225,183,390,842,11,0.1500,0.0000,0.0000,Fps,0,0,0
23,13.5837,73.6176,1860,475,148,475,11,0,1,225,183,390,842,11,0.1500,0.0000,0.0000,Fps,0,0,0
24,11.5402,86.6536,1860,475,148,475,11,0,1,225,183,390,842,11,0.1500,0.0000,0.0000,Fps,0,0,0
25,12.2577,81.5814,1860,475,148,475,11,0,1,225,183,390,842,11,0.1500,0.0000,0.0000,Fps,0,0,0
26,9.2664,107.9168,1860,475,148,475,11,0,1,225,183,390,842,11,0.1500,0.0000,0.0000,Fps,0,0,0
27,12.7406,78.4892,1860,475,148,475,11,0,1,225,183,390,842,11,0.1500,0.0000,0.0000,Fps,0,0,0
28,11.0900,90.1713,1860,475,148,475,11,0,1,225,183,390,842,11,0.1500,0.0000,0.0000,Fps,0,0,0
29,12.1638,82.2112,1860,475,148,475,11,0,1,225,183,390,842,11,0.1500,0.0000,0.0000,Fps,0,0,0
30,11.4335,87.4623,1860,475,148,475,11,0,1,225,183,390,842,11,0.1500,0.0000,0.0000,Fps,0,0,0
31,14.1616,70.6135,1860,475,148,475,11,0,1,225,183,390,842,11,0.1500,0.0000,0.0000,Fps,0,0,0
32,10.0871,99.1365,1860,475,148,475,11,0,1,225,183,390,842,11,0.1500,0.0000,0.0000,Fps,0,0,0
33,14.1512,70.6654,1860,475,148,475,11,0,1,225,183,390,842,11,0.1500,0.0000,0.0000,Fps,0,0,0
34,8.6465,115.6537,1860,475,148,475,11,0,1,225,183,390,842,11,0.1500,0.0000,0.0000,Fps,0,0,0
35,12.5186,79.8811,1860,475,148,475,11,0,1,225,183,390,842,11,0.1500,0.0000,0.0000,Fps,0,0,0
36,10.3877,96.2677,1860,475,148,475,11,0,1,225,183,390,842,11,0.1500,0.0000,0.0000,Fps,0,0,0
37,11.7486,85.1165,1860,475,148,475,11,0,1,225,183,390,842,11,0.1500,0.0000,0.0000,Fps,0,0,0
38,10.6654,93.7611,1860,475,148,475,11,0,1,225,183,390,842,11,0.1500,0.0000,0.0000,Fps,0,0,0
39,13.6774,73.1133,1860,475,148,475,11,0,1,225,183,390,842,11,0.1500,0.0000,0.0000,Fps,0,0,0
40,10.7435,93.0795,1860,475,148,475,11,0,1,225,183,390,842,11,0.1500,0.0000,0.0000,Fps,0,0,0
41,11.9472,83.7016,1860,475,148,475,11,0,1,225,183,390,842,11,0.1500,0.0000,0.0000,Fps,0,0,0
42,10.8876,91.8476,1860,475,148,475,11,0,1,225,183,390,842,11,0.1500,0.0000,0.0000,Fps,0,0,0
43,13.6352,73.3396,1860,475,148,475,11,0,1,225,183,390,842,11,0.1500,0.0000,0.0000,Fps,0,0,0
44,11.5629,86.4835,1860,475,148,475,11,0,1,225,183,390,842,11,0.1500,0.0000,0.0000,Fps,0,0,0
45,12.4427,80.3684,1860,475,148,475,11,0,1,225,183,390,842,11,0.1500,0.0000,0.0000,Fps,0,0,0
46,8.7697,114.0290,1860,475,148,475,11,0,1,225,183,390,842,11,0.1500,0.0000,0.0000,Fps,0,0,0
47,12.1032,82.6228,1860,475,148,475,11,0,1,225,183,390,842,11,0.1500,0.0000,0.0000,Fps,0,0,0
48,11.3512,88.0964,1860,475,148,475,11,0,1,225,183,390,842,11,0.1500,0.0000,0.0000,Fps,0,0,0
49,10.6807,93.6268,1860,475,148,475,11,0,1,225,183,390,842,11,0.1500,0.0000,0.0000,Fps,0,0,0
50,11.4409,87.4057,1860,475,148,475,11,0,1,225,183,390,842,11,0.1500,0.0000,0.0000,Fps,0,0,0
51,19.3305,51.7317,1860,475,148,475,11,0,1,225,183,390,842,11,0.1500,0.0000,0.0000,Fps,0,0,0
52,12.4114,80.5711,1860,475,148,475,11,0,1,225,183,390,842,11,0.1500,0.0000,0.0000,Fps,0,0,0
53,13.6860,73.0674,1860,475,148,475,11,0,1,225,183,390,842,11,0.1500,0.0000,0.0000,Fps,0,0,0
54,11.3877,87.8140,1860,475,148,475,11,0,1,225,183,390,842,11,0.1500,0.0000,0.0000,Fps,0,0,0
55,11.5755,86.3894,1860,475,148,475,11,0,1,225,183,390,842,11,0.1500,0.0000,0.0000,Fps,0,0,0
56,11.1116,89.9960,1860,475,148,475,11,0,1,225,183,390,842,11,0.1500,0.0000,0.0000,Fps,0,0,0
57,12.9834,77.0214,1860,475,148,475,11,0,1,225,183,390,842,11,0.1500,0.0000,0.0000,Fps,0,0,0
58,11.3957,87.7524,1860,475,148,475,11,0,1,225,183,390,842,11,0.1500,0.0000,0.0000,Fps,0,0,0
59,10.7223,93.2636,1860,475,148,475,11,0,1,225,183,390,842,11,0.1500,0.0000,0.0000,Fps,0,0,0
60,11.0260,90.6947,1860,475,148,475,11,0,1,225,183,390,842,11,0.1500,0.0000,0.0000,Fps,0,0,0
61,13.5259,73.9322,1860,475,148,475,11,0,1,225,183,390,842,11,0.1500,0.0000,0.0000,Fps,0,0,0
62,10.6729,93.6952,1860,475,148,475,11,0,1,225,183,390,842,11,0.1500,0.0000,0.0000,Fps,0,0,0
63,11.7814,84.8796,1860,475,148,475,11,0,1,225,183,390,842,11,0.1500,0.0000,0.0000,Fps,0,0,0
64,10.4169,95.9978,1860,475,148,475,11,0,1,225,183,390,842,11,0.1500,0.0000,0.0000,Fps,0,0,0
65,15.3043,65.3411,1860,475,148,475,11,0,1,225,183,390,842,11,0.1500,0.0000,0.0000,Fps,0,0,0
66,10.8378,92.2696,1860,475,148,475,11,0,1,225,183,390,842,11,0.1500,0.0000,0.0000,Fps,0,0,0
67,10.9351,91.4486,1860,475,148,475,11,0,1,225,183,390,842,11,0.1500,0.0000,0.0000,Fps,0,0,0
68,10.4345,95.8359,1860,475,148,475,11,0,1,225,183,390,842,11,0.1500,0.0000,0.0000,Fps,0,0,0
69,14.7594,67.7534,1860,475,148,475,11,0,1,225,183,390,842,11,0.1500,0.0000,0.0000,Fps,0,0,0
70,10.6528,93.8720,1860,475,148,475,11,0,1,225,183,390,842,11,0.1500,0.0000,0.0000,Fps,0,0,0
71,11.5964,86.2337,1860,475,148,475,11,0,1,225,183,390,842,11,0.1500,0.0000,0.0000,Fps,0,0,0
72,10.5120,95.1294,1860,475,148,475,11,0,1,225,183,390,842,11,0.1500,0.0000,0.0000,Fps,0,0,0
73,14.3183,69.8407,1860,475,148,475,11,0,1,225,183,390,842,11,0.1500,0.0000,0.0000,Fps,0,0,0
74,11.3433,88.1578,1860,475,148,475,11,0,1,225,183,390,842,11,0.1500,0.0000,0.0000,Fps,0,0,0
75,12.8905,77.5765,1860,475,148,475,11,0,1,225,183,390,842,11,0.1500,0.0000,0.0000,Fps,0,0,0
76,8.8334,113.2067,1860,475,148,475,11,0,1,225,183,390,842,11,0.1500,0.0000,0.0000,Fps,0,0,0
77,11.6312,85.9757,1860,475,148,475,11,0,1,225,183,390,842,11,0.1500,0.0000,0.0000,Fps,0,0,0
78,11.4654,87.2189,1860,475,148,475,11,0,1,225,183,390,842,11,0.1500,0.0000,0.0000,Fps,0,0,0
79,11.1600,89.6057,1860,475,148,475,11,0,1,225,183,390,842,11,0.1500,0.0000,0.0000,Fps,0,0,0
80,10.6665,93.7515,1860,475,148,475,11,0,1,225,183,390,842,11,0.1500,0.0000,0.0000,Fps,0,0,0
81,14.5889,68.5453,1860,475,148,475,11,0,1,225,183,390,842,11,0.1500,0.0000,0.0000,Fps,0,0,0
82,11.1914,89.3543,1860,475,148,475,11,0,1,225,183,390,842,11,0.1500,0.0000,0.0000,Fps,0,0,0
83,10.8107,92.5009,1860,475,148,475,11,0,1,225,183,390,842,11,0.1500,0.0000,0.0000,Fps,0,0,0
84,10.2535,97.5277,1860,475,148,475,11,0,1,225,183,390,842,11,0.1500,0.0000,0.0000,Fps,0,0,0
85,14.5180,68.8800,1860,475,148,475,11,0,1,225,183,390,842,11,0.1500,0.0000,0.0000,Fps,0,0,0
86,11.1480,89.7022,1860,475,148,475,11,0,1,225,183,390,842,11,0.1500,0.0000,0.0000,Fps,0,0,0
87,11.3677,87.9685,1860,475,148,475,11,0,1,225,183,390,842,11,0.1500,0.0000,0.0000,Fps,0,0,0
88,10.7148,93.3289,1860,475,148,475,11,0,1,225,183,390,842,11,0.1500,0.0000,0.0000,Fps,0,0,0
89,13.4639,74.2727,1860,475,148,475,11,0,1,225,183,390,842,11,0.1500,0.0000,0.0000,Fps,0,0,0
90,11.2608,88.8036,1860,475,148,475,11,0,1,225,183,390,842,11,0.1500,0.0000,0.0000,Fps,0,0,0
91,12.3954,80.6751,1860,475,148,475,11,0,1,225,183,390,842,11,0.1500,0.0000,0.0000,Fps,0,0,0
92,10.6386,93.9973,1860,475,148,475,11,0,1,225,183,390,842,11,0.1500,0.0000,0.0000,Fps,0,0,0
93,13.8139,72.3909,1860,475,148,475,11,0,1,225,183,390,842,11,0.1500,0.0000,0.0000,Fps,0,0,0
94,11.2489,88.8976,1860,475,148,475,11,0,1,225,183,390,842,11,0.1500,0.0000,0.0000,Fps,0,0,0
95,13.6991,72.9975,1860,475,148,475,11,0,1,225,183,390,842,11,0.1500,0.0000,0.0000,Fps,0,0,0
96,9.0949,109.9517,1860,475,148,475,11,0,1,225,183,390,842,11,0.1500,0.0000,0.0000,Fps,0,0,0
97,12.1154,82.5396,1860,475,148,475,11,0,1,225,183,390,842,11,0.1500,0.0000,0.0000,Fps,0,0,0
98,10.8447,92.2109,1860,475,148,475,11,0,1,225,183,390,842,11,0.1500,0.0000,0.0000,Fps,0,0,0
99,11.3645,87.9933,1860,475,148,475,11,0,1,225,183,390,842,11,0.1500,0.0000,0.0000,Fps,0,0,0
100,10.7667,92.8790,1860,475,148,475,11,0,1,225,183,390,842,11,0.1500,0.0000,0.0000,Fps,0,0,0
101,13.2907,75.2406,1860,475,148,475,11,0,1,225,183,390,842,11,0.1500,0.0000,0.0000,Fps,0,0,0
102,10.6029,94.3138,1860,475,148,475,11,0,1,225,183,390,842,11,0.1500,0.0000,0.0000,Fps,0,0,0
103,11.2988,88.5050,1860,475,148,475,11,0,1,225,183,390,842,11,0.1500,0.0000,0.0000,Fps,0,0,0
104,10.9494,91.3292,1860,475,148,475,11,0,1,225,183,390,842,11,0.1500,0.0000,0.0000,Fps,0,0,0
105,14.1562,70.6404,1860,475,148,475,11,0,1,225,183,390,842,11,0.1500,0.0000,0.0000,Fps,0,0,0
106,10.9778,91.0929,1860,475,148,475,11,0,1,225,183,390,842,11,0.1500,0.0000,0.0000,Fps,0,0,0
107,10.9131,91.6330,1860,475,148,475,11,0,1,225,183,390,842,11,0.1500,0.0000,0.0000,Fps,0,0,0
108,11.1207,89.9224,1860,475,148,475,11,0,1,225,183,390,842,11,0.1500,0.0000,0.0000,Fps,0,0,0
109,12.8420,77.8695,1860,475,148,475,11,0,1,225,183,390,842,11,0.1500,0.0000,0.0000,Fps,0,0,0
110,10.3609,96.5167,1860,475,148,475,11,0,1,225,183,390,842,11,0.1500,0.0000,0.0000,Fps,0,0,0
111,12.1170,82.5287,1860,475,148,475,11,0,1,225,183,390,842,11,0.1500,0.0000,0.0000,Fps,0,0,0
112,11.0069,90.8521,1860,475,148,475,11,0,1,225,183,390,842,11,0.1500,0.0000,0.0000,Fps,0,0,0
113,13.2602,75.4136,1860,475,148,475,11,0,1,225,183,390,842,11,0.1500,0.0000,0.0000,Fps,0,0,0
114,11.6569,85.7861,1860,475,148,475,11,0,1,225,183,390,842,11,0.1500,0.0000,0.0000,Fps,0,0,0
115,10.9986,90.9207,1860,475,148,475,11,0,1,225,183,390,842,11,0.1500,0.0000,0.0000,Fps,0,0,0
116,10.6923,93.5252,1860,475,148,475,11,0,1,225,183,390,842,11,0.1500,0.0000,0.0000,Fps,0,0,0
117,14.2487,70.1818,1860,475,148,475,11,0,1,225,183,390,842,11,0.1500,0.0000,0.0000,Fps,0,0,0
118,11.0535,90.4691,1860,475,148,475,11,0,1,225,183,390,842,11,0.1500,0.0000,0.0000,Fps,0,0,0
119,11.9134,83.9391,1860,475,148,475,11,0,1,225,183,390,842,11,0.1500,0.0000,0.0000,Fps,0,0,0
120,10.2654,97.4146,1860,475,148,475,11,0,1,225,183,390,842,11,0.1500,0.0000,0.0000,Fps,0,0,0
121,13.5884,73.5922,1860,475,148,475,11,0,1,225,183,390,842,11,0.1500,0.0000,0.0000,Fps,0,0,0
122,10.1049,98.9619,1860,475,148,475,11,0,1,225,183,390,842,11,0.1500,0.0000,0.0000,Fps,0,0,0
123,12.2653,81.5308,1860,475,148,475,11,0,1,225,183,390,842,11,0.1500,0.0000,0.0000,Fps,0,0,0
124,9.7470,102.5957,1860,475,148,475,11,0,1,225,183,390,842,11,0.1500,0.0000,0.0000,Fps,0,0,0
125,14.5238,68.8525,1860,475,148,475,11,0,1,225,183,390,842,11,0.1500,0.0000,0.0000,Fps,0,0,0
126,10.7842,92.7283,1860,475,148,475,11,0,1,225,183,390,842,11,0.1500,0.0000,0.0000,Fps,0,0,0
127,10.9945,90.9546,1860,475,148,475,11,0,1,225,183,390,842,11,0.1500,0.0000,0.0000,Fps,0,0,0
128,10.6399,93.9858,1860,475,148,475,11,0,1,225,183,390,842,11,0.1500,0.0000,0.0000,Fps,0,0,0
129,13.2601,75.4142,1860,475,148,475,11,0,1,225,183,390,842,11,0.1500,0.0000,0.0000,Fps,0,0,0
130,10.4480,95.7121,1860,475,148,475,11,0,1,225,183,390,842,11,0.1500,0.0000,0.0000,Fps,0,0,0
131,11.7936,84.7918,1860,475,148,475,11,0,1,225,183,390,842,11,0.1500,0.0000,0.0000,Fps,0,0,0
132,10.2712,97.3596,1860,475,148,475,11,0,1,225,183,390,842,11,0.1500,0.0000,0.0000,Fps,0,0,0
133,13.4904,74.1268,1860,475,148,475,11,0,1,225,183,390,842,11,0.1500,0.0000,0.0000,Fps,0,0,0
134,10.2057,97.9845,1860,475,148,475,11,0,1,225,183,390,842,11,0.1500,0.0000,0.0000,Fps,0,0,0
135,12.1212,82.5001,1860,475,148,475,11,0,1,225,183,390,842,11,0.1500,0.0000,0.0000,Fps,0,0,0
136,10.1336,98.6816,1860,475,148,475,11,0,1,225,183,390,842,11,0.1500,0.0000,0.0000,Fps,0,0,0
137,13.9382,71.7453,1860,475,148,475,11,0,1,225,183,390,842,11,0.1500,0.0000,0.0000,Fps,0,0,0
138,10.8657,92.0327,1860,475,148,475,11,0,1,225,183,390,842,11,0.1500,0.0000,0.0000,Fps,0,0,0
139,11.0595,90.4200,1860,475,148,475,11,0,1,225,183,390,842,11,0.1500,0.0000,0.0000,Fps,0,0,0
140,10.6533,93.8676,1860,475,148,475,11,0,1,225,183,390,842,11,0.1500,0.0000,0.0000,Fps,0,0,0
141,13.7320,72.8226,1860,475,148,475,11,0,1,225,183,390,842,11,0.1500,0.0000,0.0000,Fps,0,0,0
142,8.4634,118.1558,1860,475,148,475,11,0,1,225,183,390,842,11,0.1500,0.0000,0.0000,Fps,0,0,0
143,12.4377,80.4007,1860,475,148,475,11,0,1,225,183,390,842,11,0.1500,0.0000,0.0000,Fps,0,0,0
144,10.5158,95.0950,1860,475,148,475,11,0,1,225,183,390,842,11,0.1500,0.0000,0.0000,Fps,0,0,0
145,11.2261,89.0781,1860,475,148,475,11,0,1,225,183,390,842,11,0.1500,0.0000,0.0000,Fps,0,0,0
146,10.1132,98.8807,1860,475,148,475,11,0,1,225,183,390,842,11,0.1500,0.0000,0.0000,Fps,0,0,0
147,13.0402,76.6859,1860,475,148,475,11,0,1,225,183,390,842,11,0.1500,0.0000,0.0000,Fps,0,0,0
148,11.1677,89.5440,1860,475,148,475,11,0,1,225,183,390,842,11,0.1500,0.0000,0.0000,Fps,0,0,0
149,11.7613,85.0246,1860,475,148,475,11,0,1,225,183,390,842,11,0.1500,0.0000,0.0000,Fps,0,0,0
150,10.3739,96.3958,1860,475,148,475,11,0,1,225,183,390,842,11,0.1500,0.0000,0.0000,Fps,0,0,0
151,14.1921,70.4617,1860,475,148,475,11,0,1,225,183,390,842,11,0.1500,0.0000,0.0000,Fps,0,0,0
152,9.9738,100.2627,1860,475,148,475,11,0,1,225,183,390,842,11,0.1500,0.0000,0.0000,Fps,0,0,0
153,11.8294,84.5351,1860,475,148,475,11,0,1,225,183,390,842,11,0.1500,0.0000,0.0000,Fps,0,0,0
154,10.2979,97.1072,1860,475,148,475,11,0,1,225,183,390,842,11,0.1500,0.0000,0.0000,Fps,0,0,0
155,22.8064,43.8473,1860,475,148,475,11,0,1,225,183,390,842,11,0.1500,0.0000,0.0000,Fps,0,0,0
156,10.5995,94.3441,1860,475,148,475,11,0,1,225,183,390,842,11,0.1500,0.0000,0.0000,Fps,0,0,0
157,13.9699,71.5825,1860,475,148,475,11,0,1,225,183,390,842,11,0.1500,0.0000,0.0000,Fps,0,0,0
158,10.4520,95.6755,1860,475,148,475,11,0,1,225,183,390,842,11,0.1500,0.0000,0.0000,Fps,0,0,0
159,12.0747,82.8178,1860,475,148,475,11,0,1,225,183,390,842,11,0.1500,0.0000,0.0000,Fps,0,0,0
160,10.0553,99.4500,1860,475,148,475,11,0,1,225,183,390,842,11,0.1500,0.0000,0.0000,Fps,0,0,0
161,13.9331,71.7715,1860,475,148,475,11,0,1,225,183,390,842,11,0.1500,0.0000,0.0000,Fps,0,0,0
162,10.8631,92.0548,1860,475,148,475,11,0,1,225,183,390,842,11,0.1500,0.0000,0.0000,Fps,0,0,0
163,12.0413,83.0475,1860,475,148,475,11,0,1,225,183,390,842,11,0.1500,0.0000,0.0000,Fps,0,0,0
164,10.4536,95.6608,1860,475,148,475,11,0,1,225,183,390,842,11,0.1500,0.0000,0.0000,Fps,0,0,0
165,13.9260,71.8081,1860,475,148,475,11,0,1,225,183,390,842,11,0.1500,0.0000,0.0000,Fps,0,0,0
166,10.2066,97.9758,1860,475,148,475,11,0,1,225,183,390,842,11,0.1500,0.0000,0.0000,Fps,0,0,0
167,11.6753,85.6509,1860,475,148,475,11,0,1,225,183,390,842,11,0.1500,0.0000,0.0000,Fps,0,0,0
168,10.1459,98.5620,1860,475,148,475,11,0,1,225,183,390,842,11,0.1500,0.0000,0.0000,Fps,0,0,0
169,13.9865,71.4975,1860,475,148,475,11,0,1,225,183,390,842,11,0.1500,0.0000,0.0000,Fps,0,0,0
170,10.5629,94.6710,1860,475,148,475,11,0,1,225,183,390,842,11,0.1500,0.0000,0.0000,Fps,0,0,0
171,11.1119,89.9936,1860,475,148,475,11,0,1,225,183,390,842,11,0.1500,0.0000,0.0000,Fps,0,0,0
172,10.6902,93.5436,1860,475,148,475,11,0,1,225,183,390,842,11,0.1500,0.0000,0.0000,Fps,0,0,0
173,14.3852,69.5159,1860,475,148,475,11,0,1,225,183,390,842,11,0.1500,0.0000,0.0000,Fps,0,0,0
174,10.3455,96.6604,1860,475,148,475,11,0,1,225,183,390,842,11,0.1500,0.0000,0.0000,Fps,0,0,0
175,11.6004,86.2039,1860,475,148,475,11,0,1,225,183,390,842,11,0.1500,0.0000,0.0000,Fps,0,0,0
176,12.2983,81.3121,1860,475,148,475,11,0,1,225,183,390,842,11,0.1500,0.0000,0.0000,Fps,0,0,0
177,12.6019,79.3531,1860,475,148,475,11,0,1,225,183,390,842,11,0.1500,0.0000,0.0000,Fps,0,0,0
178,11.4791,87.1148,1860,475,148,475,11,0,1,225,183,390,842,11,0.1500,0.0000,0.0000,Fps,0,0,0
179,10.7835,92.7343,1860,475,148,475,11,0,1,225,183,390,842,11,0.1500,0.0000,0.0000,Fps,0,0,0
180,12.7521,78.4185,1860,475,148,475,11,0,1,225,183,390,842,11,0.1500,0.0000,0.0000,Fps,0,0,0
181,11.1479,89.7030,1860,475,148,475,11,0,1,225,183,390,842,11,0.1500,0.0000,0.0000,Fps,0,0,0
182,12.6481,79.0633,1860,475,148,475,11,0,1,225,183,390,842,11,0.1500,0.0000,0.0000,Fps,0,0,0
183,11.1393,89.7722,1860,475,148,475,11,0,1,225,183,390,842,11,0.1500,0.0000,0.0000,Fps,0,0,0
184,10.1542,98.4814,1860,475,148,475,11,0,1,225,183,390,842,11,0.1500,0.0000,0.0000,Fps,0,0,0
185,11.4080,87.6578,1860,475,148,475,11,0,1,225,183,390,842,11,0.1500,0.0000,0.0000,Fps,0,0,0
186,12.2414,81.6900,1860,475,148,475,11,0,1,225,183,390,842,11,0.1500,0.0000,0.0000,Fps,0,0,0
187,9.7200,102.8807,1860,475,148,475,11,0,1,225,183,390,842,11,0.1500,0.0000,0.0000,Fps,0,0,0
188,11.2491,88.8960,1860,475,148,475,11,0,1,225,183,390,842,11,0.1500,0.0000,0.0000,Fps,0,0,0
189,12.1283,82.4518,1860,475,148,475,11,0,1,225,183,390,842,11,0.1500,0.0000,0.0000,Fps,0,0,0
190,11.8096,84.6769,1860,475,148,475,11,0,1,225,183,390,842,11,0.1500,0.0000,0.0000,Fps,0,0,0
191,10.9348,91.4511,1860,475,148,475,11,0,1,225,183,390,842,11,0.1500,0.0000,0.0000,Fps,0,0,0
192,11.1950,89.3256,1860,475,148,475,11,0,1,225,183,390,842,11,0.1500,0.0000,0.0000,Fps,0,0,0
193,12.4728,80.1745,1860,475,148,475,11,0,1,225,183,390,842,11,0.1500,0.0000,0.0000,Fps,0,0,0
194,9.7886,102.1597,1860,475,148,475,11,0,1,225,183,390,842,11,0.1500,0.0000,0.0000,Fps,0,0,0
195,11.6904,85.5403,1860,475,148,475,11,0,1,225,183,390,842,11,0.1500,0.0000,0.0000,Fps,0,0,0
196,12.8317,77.9320,1860,475,148,475,11,0,1,225,183,390,842,11,0.1500,0.0000,0.0000,Fps,0,0,0
197,12.5216,79.8620,1860,475,148,475,11,0,1,225,183,390,842,11,0.1500,0.0000,0.0000,Fps,0,0,0
198,9.6884,103.2162,1860,475,148,475,11,0,1,225,183,390,842,11,0.1500,0.0000,0.0000,Fps,0,0,0
199,12.9901,76.9817,1860,475,148,475,11,0,1,225,183,390,842,11,0.1500,0.0000,0.0000,Fps,0,0,0
200,11.2353,89.0052,1860,475,148,475,11,0,1,225,183,390,842,11,0.1500,0.0000,0.0000,Fps,0,0,0
201,14.2155,70.3457,1860,475,148,475,11,0,1,225,183,390,842,11,0.1500,0.0000,0.0000,Fps,0,0,0
202,11.6171,86.0800,1860,475,148,475,11,0,1,225,183,390,842,11,0.1500,0.0000,0.0000,Fps,0,0,0
203,9.1480,109.3135,1860,475,148,475,11,0,1,225,183,390,842,11,0.1500,0.0000,0.0000,Fps,0,0,0
204,11.0145,90.7894,1860,475,148,475,11,0,1,225,183,390,842,11,0.1500,0.0000,0.0000,Fps,0,0,0
205,12.1344,82.4103,1860,475,148,475,11,0,1,225,183,390,842,11,0.1500,0.0000,0.0000,Fps,0,0,0
206,10.0758,99.2477,1860,475,148,475,11,0,1,225,183,390,842,11,0.1500,0.0000,0.0000,Fps,0,0,0
207,11.6011,86.1987,1860,475,148,475,11,0,1,225,183,390,842,11,0.1500,0.0000,0.0000,Fps,0,0,0
208,12.6730,78.9079,1860,475,148,475,11,0,1,225,183,390,842,11,0.1500,0.0000,0.0000,Fps,0,0,0
209,11.8014,84.7357,1860,475,148,475,11,0,1,225,183,390,842,11,0.1500,0.0000,0.0000,Fps,0,0,0
210,11.8653,84.2794,1860,475,148,475,11,0,1,225,183,390,842,11,0.1500,0.0000,0.0000,Fps,0,0,0
211,12.8187,78.0110,1860,475,148,475,11,0,1,225,183,390,842,11,0.1500,0.0000,0.0000,Fps,0,0,0
212,11.5742,86.3991,1860,475,148,475,11,0,1,225,183,390,842,11,0.1500,0.0000,0.0000,Fps,0,0,0
213,11.8648,84.2829,1860,475,148,475,11,0,1,225,183,390,842,11,0.1500,0.0000,0.0000,Fps,0,0,0
214,10.8114,92.4950,1860,475,148,475,11,0,1,225,183,390,842,11,0.1500,0.0000,0.0000,Fps,0,0,0
215,11.6286,85.9949,1860,475,148,475,11,0,1,225,183,390,842,11,0.1500,0.0000,0.0000,Fps,0,0,0
216,12.8930,77.5615,1860,475,148,475,11,0,1,225,183,390,842,11,0.1500,0.0000,0.0000,Fps,0,0,0
217,12.9598,77.1617,1860,475,148,475,11,0,1,225,183,390,842,11,0.1500,0.0000,0.0000,Fps,0,0,0
218,9.9935,100.0650,1860,475,148,475,11,0,1,225,183,390,842,11,0.1500,0.0000,0.0000,Fps,0,0,0
219,12.5314,79.7995,1860,475,148,475,11,0,1,225,183,390,842,11,0.1500,0.0000,0.0000,Fps,0,0,0
220,14.9282,66.9873,1860,475,148,475,11,0,1,225,183,390,842,11,0.1500,0.0000,0.0000,Fps,0,0,0
221,12.2550,81.5993,1860,475,148,475,11,0,1,225,183,390,842,11,0.1500,0.0000,0.0000,Fps,0,0,0
222,12.1085,82.5866,1860,475,148,475,11,0,1,225,183,390,842,11,0.1500,0.0000,0.0000,Fps,0,0,0
223,10.0369,99.6324,1860,475,148,475,11,0,1,225,183,390,842,11,0.1500,0.0000,0.0000,Fps,0,0,0
224,11.3332,88.2363,1860,475,148,475,11,0,1,225,183,390,842,11,0.1500,0.0000,0.0000,Fps,0,0,0
225,12.4796,80.1308,1860,475,148,475,11,0,1,225,183,390,842,11,0.1500,0.0000,0.0000,Fps,0,0,0
226,12.0597,82.9208,1860,475,148,475,11,0,1,225,183,390,842,11,0.1500,0.0000,0.0000,Fps,0,0,0
227,10.0485,99.5173,1860,475,148,475,11,0,1,225,183,390,842,11,0.1500,0.0000,0.0000,Fps,0,0,0
228,11.4270,87.5120,1860,475,148,475,11,0,1,225,183,390,842,11,0.1500,0.0000,0.0000,Fps,0,0,0
229,12.4355,80.4149,1860,475,148,475,11,0,1,225,183,390,842,11,0.1500,0.0000,0.0000,Fps,0,0,0
230,12.3261,81.1287,1860,475,148,475,11,0,1,225,183,390,842,11,0.1500,0.0000,0.0000,Fps,0,0,0
231,9.6464,103.6656,1860,475,148,475,11,0,1,225,183,390,842,11,0.1500,0.0000,0.0000,Fps,0,0,0
232,11.2843,88.6187,1860,475,148,475,11,0,1,225,183,390,842,11,0.1500,0.0000,0.0000,Fps,0,0,0
233,11.7280,85.2660,1860,475,148,475,11,0,1,225,183,390,842,11,0.1500,0.0000,0.0000,Fps,0,0,0
234,10.3417,96.6959,1860,475,148,475,11,0,1,225,183,390,842,11,0.1500,0.0000,0.0000,Fps,0,0,0
235,10.8546,92.1268,1860,475,148,475,11,0,1,225,183,390,842,11,0.1500,0.0000,0.0000,Fps,0,0,0
236,12.7114,78.6695,1860,475,148,475,11,0,1,225,183,390,842,11,0.1500,0.0000,0.0000,Fps,0,0,0
237,11.8679,84.2609,1860,475,148,475,11,0,1,225,183,390,842,11,0.1500,0.0000,0.0000,Fps,0,0,0
238,10.4769,95.4481,1860,475,148,475,11,0,1,225,183,390,842,11,0.1500,0.0000,0.0000,Fps,0,0,0
239,11.3862,87.8256,1860,475,148,475,11,0,1,225,183,390,842,11,0.1500,0.0000,0.0000,Fps,0,0,0
240,11.2774,88.6729,1860,475,148,475,11,0,1,225,183,390,842,11,0.1500,0.0000,0.0000,Fps,0,0,0
241,10.4789,95.4299,1860,475,148,475,11,0,1,225,183,390,842,11,0.1500,0.0000,0.0000,Fps,0,0,0
242,10.9327,91.4687,1860,475,148,475,11,0,1,225,183,390,842,11,0.1500,0.0000,0.0000,Fps,0,0,0
243,12.3943,80.6822,1860,475,148,475,11,0,1,225,183,390,842,11,0.1500,0.0000,0.0000,Fps,0,0,0
244,12.5032,79.9795,1860,475,148,475,11,0,1,225,183,390,842,11,0.1500,0.0000,0.0000,Fps,0,0,0
245,10.2591,97.4744,1860,475,148,475,11,0,1,225,183,390,842,11,0.1500,0.0000,0.0000,Fps,0,0,0
246,11.7376,85.1963,1860,475,148,475,11,0,1,225,183,390,842,11,0.1500,0.0000,0.0000,Fps,0,0,0
247,12.4328,80.4324,1860,475,148,475,11,0,1,225,183,390,842,11,0.1500,0.0000,0.0000,Fps,0,0,0
248,12.0436,83.0317,1860,475,148,475,11,0,1,225,183,390,842,11,0.1500,0.0000,0.0000,Fps,0,0,0
249,9.8705,101.3120,1860,475,148,475,11,0,1,225,183,390,842,11,0.1500,0.0000,0.0000,Fps,0,0,0
250,11.5973,86.2270,1860,475,148,475,11,0,1,225,183,390,842,11,0.1500,0.0000,0.0000,Fps,0,0,0
251,12.9468,77.2392,1860,475,148,475,11,0,1,225,183,390,842,11,0.1500,0.0000,0.0000,Fps,0,0,0
252,11.9313,83.8132,1860,475,148,475,11,0,1,225,183,390,842,11,0.1500,0.0000,0.0000,Fps,0,0,0
253,10.0837,99.1699,1860,475,148,475,11,0,1,225,183,390,842,11,0.1500,0.0000,0.0000,Fps,0,0,0
254,12.1617,82.2253,1860,475,148,475,11,0,1,225,183,390,842,11,0.1500,0.0000,0.0000,Fps,0,0,0
255,12.1976,81.9833,1860,475,148,475,11,0,1,225,183,390,842,11,0.1500,0.0000,0.0000,Fps,0,0,0
256,12.1954,81.9981,1860,475,148,475,11,0,1,225,183,390,842,11,0.1500,0.0000,0.0000,Fps,0,0,0
257,9.5875,104.3025,1860,475,148,475,11,0,1,225,183,390,842,11,0.1500,0.0000,0.0000,Fps,0,0,0
258,11.0920,90.1551,1860,475,148,475,11,0,1,225,183,390,842,11,0.1500,0.0000,0.0000,Fps,0,0,0
259,12.1030,82.6241,1860,475,148,475,11,0,1,225,183,390,842,11,0.1500,0.0000,0.0000,Fps,0,0,0
260,9.6768,103.3399,1860,475,148,475,11,0,1,225,183,390,842,11,0.1500,0.0000,0.0000,Fps,0,0,0
261,11.4626,87.2402,1860,475,148,475,11,0,1,225,183,390,842,11,0.1500,0.0000,0.0000,Fps,0,0,0
262,11.6917,85.5308,1860,475,148,475,11,0,1,225,183,390,842,11,0.1500,0.0000,0.0000,Fps,0,0,0
263,12.2381,81.7120,1860,475,148,475,11,0,1,225,183,390,842,11,0.1500,0.0000,0.0000,Fps,0,0,0
264,9.6796,103.3101,1860,475,148,475,11,0,1,225,183,390,842,11,0.1500,0.0000,0.0000,Fps,0,0,0
265,11.3358,88.2161,1860,475,148,475,11,0,1,225,183,390,842,11,0.1500,0.0000,0.0000,Fps,0,0,0
266,12.9772,77.0582,1860,475,148,475,11,0,1,225,183,390,842,11,0.1500,0.0000,0.0000,Fps,0,0,0
267,12.1502,82.3032,1860,475,148,475,11,0,1,225,183,390,842,11,0.1500,0.0000,0.0000,Fps,0,0,0
268,10.3746,96.3893,1860,475,148,475,11,0,1,225,183,390,842,11,0.1500,0.0000,0.0000,Fps,0,0,0
269,11.3278,88.2784,1860,475,148,475,11,0,1,225,183,390,842,11,0.1500,0.0000,0.0000,Fps,0,0,0
270,11.6035,86.1809,1860,475,148,475,11,0,1,225,183,390,842,11,0.1500,0.0000,0.0000,Fps,0,0,0
271,10.3666,96.4636,1860,475,148,475,11,0,1,225,183,390,842,11,0.1500,0.0000,0.0000,Fps,0,0,0
272,10.7298,93.1984,1860,475,148,475,11,0,1,225,183,390,842,11,0.1500,0.0000,0.0000,Fps,0,0,0
273,12.5898,79.4294,1860,475,148,475,11,0,1,225,183,390,842,11,0.1500,0.0000,0.0000,Fps,0,0,0
274,12.8801,77.6391,1860,475,148,475,11,0,1,225,183,390,842,11,0.1500,0.0000,0.0000,Fps,0,0,0
275,10.0582,99.4214,1860,475,148,475,11,0,1,225,183,390,842,11,0.1500,0.0000,0.0000,Fps,0,0,0
276,11.5462,86.6086,1860,475,148,475,11,0,1,225,183,390,842,11,0.1500,0.0000,0.0000,Fps,0,0,0
277,11.6509,85.8303,1860,475,148,475,11,0,1,225,183,390,842,11,0.1500,0.0000,0.0000,Fps,0,0,0
278,12.5957,79.3922,1860,475,148,475,11,0,1,225,183,390,842,11,0.1500,0.0000,0.0000,Fps,0,0,0
279,9.5753,104.4354,1860,475,148,475,11,0,1,225,183,390,842,11,0.1500,0.0000,0.0000,Fps,0,0,0
280,11.1936,89.3368,1860,475,148,475,11,0,1,225,183,390,842,11,0.1500,0.0000,0.0000,Fps,0,0,0
281,13.1053,76.3050,1860,475,148,475,11,0,1,225,183,390,842,11,0.1500,0.0000,0.0000,Fps,0,0,0
282,11.8190,84.6095,1860,475,148,475,11,0,1,225,183,390,842,11,0.1500,0.0000,0.0000,Fps,0,0,0
283,9.6049,104.1135,1860,475,148,475,11,0,1,225,183,390,842,11,0.1500,0.0000,0.0000,Fps,0,0,0
284,11.1205,89.9240,1860,475,148,475,11,0,1,225,183,390,842,11,0.1500,0.0000,0.0000,Fps,0,0,0
285,12.9623,77.1468,1860,475,148,475,11,0,1,225,183,390,842,11,0.1500,0.0000,0.0000,Fps,0,0,0
286,10.5791,94.5260,1860,475,148,475,11,0,1,225,183,390,842,11,0.1500,0.0000,0.0000,Fps,0,0,0
287,11.8841,84.1460,1860,475,148,475,11,0,1,225,183,390,842,11,0.1500,0.0000,0.0000,Fps,0,0,0
288,11.9151,83.9271,1860,475,148,475,11,0,1,225,183,390,842,11,0.1500,0.0000,0.0000,Fps,0,0,0
289,11.2899,88.5747,1860,475,148,475,11,0,1,225,183,390,842,11,0.1500,0.0000,0.0000,Fps,0,0,0
290,10.6449,93.9417,1860,475,148,475,11,0,1,225,183,390,842,11,0.1500,0.0000,0.0000,Fps,0,0,0
291,11.3217,88.3260,1860,475,148,475,11,0,1,225,183,390,842,11,0.1500,0.0000,0.0000,Fps,0,0,0
292,12.1748,82.1369,1860,475,148,475,11,0,1,225,183,390,842,11,0.1500,0.0000,0.0000,Fps,0,0,0
293,12.0011,83.3257,1860,475,148,475,11,0,1,225,183,390,842,11,0.1500,0.0000,0.0000,Fps,0,0,0
294,10.6744,93.6821,1860,475,148,475,11,0,1,225,183,390,842,11,0.1500,0.0000,0.0000,Fps,0,0,0
295,10.9504,91.3209,1860,475,148,475,11,0,1,225,183,390,842,11,0.1500,0.0000,0.0000,Fps,0,0,0
296,12.0615,82.9084,1860,475,148,475,11,0,1,225,183,390,842,11,0.1500,0.0000,0.0000,Fps,0,0,0
297,9.7671,102.3845,1860,475,148,475,11,0,1,225,183,390,842,11,0.1500,0.0000,0.0000,Fps,0,0,0
298,10.9905,90.9877,1860,475,148,475,11,0,1,225,183,390,842,11,0.1500,0.0000,0.0000,Fps,0,0,0
299,11.8444,84.4281,1860,475,148,475,11,0,1,225,183,390,842,11,0.1500,0.0000,0.0000,Fps,0,0,0
300,11.6185,86.0696,1860,475,148,475,11,0,1,225,183,390,842,11,0.1500,0.0000,0.0000,Fps,0,0,0
301,11.2403,88.9656,1860,475,148,475,11,0,1,225,183,390,842,11,0.1500,0.0000,0.0000,Fps,0,0,0
302,11.4562,87.2890,1860,475,148,475,11,0,1,225,183,390,842,11,0.1500,0.0000,0.0000,Fps,0,0,0
303,12.6973,78.7569,1860,475,148,475,11,0,1,225,183,390,842,11,0.1500,0.0000,0.0000,Fps,0,0,0
304,11.3500,88.1057,1860,475,148,475,11,0,1,225,183,390,842,11,0.1500,0.0000,0.0000,Fps,0,0,0
305,10.4510,95.6846,1860,475,148,475,11,0,1,225,183,390,842,11,0.1500,0.0000,0.0000,Fps,0,0,0
306,11.7332,85.2282,1860,475,148,475,11,0,1,225,183,390,842,11,0.1500,0.0000,0.0000,Fps,0,0,0
307,12.5729,79.5361,1860,475,148,475,11,0,1,225,183,390,842,11,0.1500,0.0000,0.0000,Fps,0,0,0
308,11.5797,86.3580,1860,475,148,475,11,0,1,225,183,390,842,11,0.1500,0.0000,0.0000,Fps,0,0,0
309,9.8340,101.6880,1860,475,148,475,11,0,1,225,183,390,842,11,0.1500,0.0000,0.0000,Fps,0,0,0
310,10.9155,91.6128,1860,475,148,475,11,0,1,225,183,390,842,11,0.1500,0.0000,0.0000,Fps,0,0,0
311,12.8731,77.6814,1860,475,148,475,11,0,1,225,183,390,842,11,0.1500,0.0000,0.0000,Fps,0,0,0
312,9.4231,106.1222,1860,475,148,475,11,0,1,225,183,390,842,11,0.1500,0.0000,0.0000,Fps,0,0,0
313,11.3261,88.2916,1860,475,148,475,11,0,1,225,183,390,842,11,0.1500,0.0000,0.0000,Fps,0,0,0
314,12.1510,82.2978,1860,475,148,475,11,0,1,225,183,390,842,11,0.1500,0.0000,0.0000,Fps,0,0,0
315,11.6097,86.1349,1860,475,148,475,11,0,1,225,183,390,842,11,0.1500,0.0000,0.0000,Fps,0,0,0
316,9.5903,104.2720,1860,475,148,475,11,0,1,225,183,390,842,11,0.1500,0.0000,0.0000,Fps,0,0,0
317,11.1397,89.7690,1860,475,148,475,11,0,1,225,183,390,842,11,0.1500,0.0000,0.0000,Fps,0,0,0
318,11.8577,84.3334,1860,475,148,475,11,0,1,225,183,390,842,11,0.1500,0.0000,0.0000,Fps,0,0,0
319,10.3469,96.6473,1860,475,148,475,11,0,1,225,183,390,842,11,0.1500,0.0000,0.0000,Fps,0,0,0
320,11.3563,88.0568,1860,475,148,475,11,0,1,225,183,390,842,11,0.1500,0.0000,0.0000,Fps,0,0,0
321,12.8657,77.7260,1860,475,148,475,11,0,1,225,183,390,842,11,0.1500,0.0000,0.0000,Fps,0,0,0
322,11.2265,89.0750,1860,475,148,475,11,0,1,225,183,390,842,11,0.1500,0.0000,0.0000,Fps,0,0,0
323,10.5418,94.8605,1860,475,148,475,11,0,1,225,183,390,842,11,0.1500,0.0000,0.0000,Fps,0,0,0
324,11.1652,89.5640,1860,475,148,475,11,0,1,225,183,390,842,11,0.1500,0.0000,0.0000,Fps,0,0,0
325,12.0590,82.9256,1860,475,148,475,11,0,1,225,183,390,842,11,0.1500,0.0000,0.0000,Fps,0,0,0
326,9.7639,102.4181,1860,475,148,475,11,0,1,225,183,390,842,11,0.1500,0.0000,0.0000,Fps,0,0,0
327,10.8564,92.1116,1860,475,148,475,11,0,1,225,183,390,842,11,0.1500,0.0000,0.0000,Fps,0,0,0
328,13.0471,76.6454,1860,475,148,475,11,0,1,225,183,390,842,11,0.1500,0.0000,0.0000,Fps,0,0,0
329,11.9695,83.5457,1860,475,148,475,11,0,1,225,183,390,842,11,0.1500,0.0000,0.0000,Fps,0,0,0
330,9.6133,104.0226,1860,475,148,475,11,0,1,225,183,390,842,11,0.1500,0.0000,0.0000,Fps,0,0,0
331,10.5535,94.7553,1860,475,148,475,11,0,1,225,183,390,842,11,0.1500,0.0000,0.0000,Fps,0,0,0
332,12.0336,83.1007,1860,475,148,475,11,0,1,225,183,390,842,11,0.1500,0.0000,0.0000,Fps,0,0,0
333,10.7228,93.2592,1860,475,148,475,11,0,1,225,183,390,842,11,0.1500,0.0000,0.0000,Fps,0,0,0
334,11.1563,89.6355,1860,475,148,475,11,0,1,225,183,390,842,11,0.1500,0.0000,0.0000,Fps,0,0,0
335,13.3486,74.9142,1860,475,148,475,11,0,1,225,183,390,842,11,0.1500,0.0000,0.0000,Fps,0,0,0
336,11.9542,83.6526,1860,475,148,475,11,0,1,225,183,390,842,11,0.1500,0.0000,0.0000,Fps,0,0,0
337,10.0241,99.7596,1860,475,148,475,11,0,1,225,183,390,842,11,0.1500,0.0000,0.0000,Fps,0,0,0
338,12.1891,82.0405,1860,475,148,475,11,0,1,225,183,390,842,11,0.1500,0.0000,0.0000,Fps,0,0,0
339,11.8208,84.5966,1860,475,148,475,11,0,1,225,183,390,842,11,0.1500,0.0000,0.0000,Fps,0,0,0
340,11.6854,85.5769,1860,475,148,475,11,0,1,225,183,390,842,11,0.1500,0.0000,0.0000,Fps,0,0,0
341,10.6640,93.7734,1860,475,148,475,11,0,1,225,183,390,842,11,0.1500,0.0000,0.0000,Fps,0,0,0
342,11.4648,87.2235,1860,475,148,475,11,0,1,225,183,390,842,11,0.1500,0.0000,0.0000,Fps,0,0,0
343,12.0587,82.9277,1860,475,148,475,11,0,1,225,183,390,842,11,0.1500,0.0000,0.0000,Fps,0,0,0
344,12.6873,78.8190,1860,475,148,475,11,0,1,225,183,390,842,11,0.1500,0.0000,0.0000,Fps,0,0,0
345,9.8575,101.4456,1860,475,148,475,11,0,1,225,183,390,842,11,0.1500,0.0000,0.0000,Fps,0,0,0
346,12.1538,82.2788,1860,475,148,475,11,0,1,225,183,390,842,11,0.1500,0.0000,0.0000,Fps,0,0,0
347,11.9706,83.5380,1860,475,148,475,11,0,1,225,183,390,842,11,0.1500,0.0000,0.0000,Fps,0,0,0
348,12.3095,81.2381,1860,475,148,475,11,0,1,225,183,390,842,11,0.1500,0.0000,0.0000,Fps,0,0,0
349,9.4385,105.9490,1860,475,148,475,11,0,1,225,183,390,842,11,0.1500,0.0000,0.0000,Fps,0,0,0
350,11.4432,87.3881,1860,475,148,475,11,0,1,225,183,390,842,11,0.1500,0.0000,0.0000,Fps,0,0,0
351,11.9126,83.9447,1860,475,148,475,11,0,1,225,183,390,842,11,0.1500,0.0000,0.0000,Fps,0,0,0
352,11.4523,87.3187,1860,475,148,475,11,0,1,225,183,390,842,11,0.1500,0.0000,0.0000,Fps,0,0,0
353,11.7187,85.3337,1860,475,148,475,11,0,1,225,183,390,842,11,0.1500,0.0000,0.0000,Fps,0,0,0
354,13.2457,75.4962,1860,475,148,475,11,0,1,225,183,390,842,11,0.1500,0.0000,0.0000,Fps,0,0,0
355,12.7505,78.4283,1860,475,148,475,11,0,1,225,183,390,842,11,0.1500,0.0000,0.0000,Fps,0,0,0
356,12.4015,80.6354,1860,475,148,475,11,0,1,225,183,390,842,11,0.1500,0.0000,0.0000,Fps,0,0,0
357,9.9964,100.0360,1860,475,148,475,11,0,1,225,183,390,842,11,0.1500,0.0000,0.0000,Fps,0,0,0
358,11.5414,86.6446,1860,475,148,475,11,0,1,225,183,390,842,11,0.1500,0.0000,0.0000,Fps,0,0,0
359,12.5154,79.9016,1860,475,148,475,11,0,1,225,183,390,842,11,0.1500,0.0000,0.0000,Fps,0,0,0
360,12.5435,79.7226,1860,475,148,475,11,0,1,225,183,390,842,11,0.1500,0.0000,0.0000,Fps,0,0,0
361,9.9342,100.6624,1860,475,148,475,11,0,1,225,183,390,842,11,0.1500,0.0000,0.0000,Fps,0,0,0
362,11.7570,85.0557,1860,475,148,475,11,0,1,225,183,390,842,11,0.1500,0.0000,0.0000,Fps,0,0,0
363,12.5700,79.5545,1860,475,148,475,11,0,1,225,183,390,842,11,0.1500,0.0000,0.0000,Fps,0,0,0
364,12.0988,82.6528,1860,475,148,475,11,0,1,225,183,390,842,11,0.1500,0.0000,0.0000,Fps,0,0,0
365,9.9803,100.1974,1860,475,148,475,11,0,1,225,183,390,842,11,0.1500,0.0000,0.0000,Fps,0,0,0
366,13.0989,76.3423,1860,475,148,475,11,0,1,225,183,390,842,11,0.1500,0.0000,0.0000,Fps,0,0,0
367,12.1413,82.3635,1860,475,148,475,11,0,1,225,183,390,842,11,0.1500,0.0000,0.0000,Fps,0,0,0
368,12.1411,82.3649,1860,475,148,475,11,0,1,225,183,390,842,11,0.1500,0.0000,0.0000,Fps,0,0,0
369,9.6323,103.8174,1860,475,148,475,11,0,1,225,183,390,842,11,0.1500,0.0000,0.0000,Fps,0,0,0
370,11.5739,86.4013,1860,475,148,475,11,0,1,225,183,390,842,11,0.1500,0.0000,0.0000,Fps,0,0,0
371,12.7301,78.5540,1860,475,148,475,11,0,1,225,183,390,842,11,0.1500,0.0000,0.0000,Fps,0,0,0
372,12.1551,82.2700,1860,475,148,475,11,0,1,225,183,390,842,11,0.1500,0.0000,0.0000,Fps,0,0,0
373,10.5266,94.9974,1860,475,148,475,11,0,1,225,183,390,842,11,0.1500,0.0000,0.0000,Fps,0,0,0
374,11.9708,83.5366,1860,475,148,475,11,0,1,225,183,390,842,11,0.1500,0.0000,0.0000,Fps,0,0,0
375,12.1275,82.4572,1860,475,148,475,11,0,1,225,183,390,842,11,0.1500,0.0000,0.0000,Fps,0,0,0
376,11.8761,84.2027,1860,475,148,475,11,0,1,225,183,390,842,11,0.1500,0.0000,0.0000,Fps,0,0,0
377,11.1748,89.4871,1860,475,148,475,11,0,1,225,183,390,842,11,0.1500,0.0000,0.0000,Fps,0,0,0
378,12.1020,82.6310,1860,475,148,475,11,0,1,225,183,390,842,11,0.1500,0.0000,0.0000,Fps,0,0,0
379,12.5263,79.8320,1860,475,148,475,11,0,1,225,183,390,842,11,0.1500,0.0000,0.0000,Fps,0,0,0
380,12.3497,80.9736,1860,475,148,475,11,0,1,225,183,390,842,11,0.1500,0.0000,0.0000,Fps,0,0,0
381,9.9546,100.4561,1860,475,148,475,11,0,1,225,183,390,842,11,0.1500,0.0000,0.0000,Fps,0,0,0
382,12.3632,80.8852,1860,475,148,475,11,0,1,225,183,390,842,11,0.1500,0.0000,0.0000,Fps,0,0,0
383,12.5830,79.4723,1860,475,148,475,11,0,1,225,183,390,842,11,0.1500,0.0000,0.0000,Fps,0,0,0
384,12.7508,78.4265,1860,475,148,475,11,0,1,225,183,390,842,11,0.1500,0.0000,0.0000,Fps,0,0,0
385,10.4369,95.8139,1860,475,148,475,11,0,1,225,183,390,842,11,0.1500,0.0000,0.0000,Fps,0,0,0
386,12.3762,80.8002,1860,475,148,475,11,0,1,225,183,390,842,11,0.1500,0.0000,0.0000,Fps,0,0,0
387,12.3705,80.8375,1860,475,148,475,11,0,1,225,183,390,842,11,0.1500,0.0000,0.0000,Fps,0,0,0
388,10.7093,93.3768,1860,475,148,475,11,0,1,225,183,390,842,11,0.1500,0.0000,0.0000,Fps,0,0,0
389,19.3914,51.5693,1860,475,148,475,11,0,1,225,183,390,842,11,0.1500,0.0000,0.0000,Fps,0,0,0
390,12.1965,81.9907,1860,475,148,475,11,0,1,225,183,390,842,11,0.1500,0.0000,0.0000,Fps,0,0,0
391,20.3855,49.0545,1860,475,148,475,11,0,1,225,183,390,842,11,0.1500,0.0000,0.0000,Fps,0,0,0
392,12.3413,81.0287,1860,475,148,475,11,0,1,225,183,390,842,11,0.1500,0.0000,0.0000,Fps,0,0,0
393,21.0363,47.5369,1860,475,148,475,11,0,1,225,183,390,842,11,0.1500,0.0000,0.0000,Fps,0,0,0
394,12.4464,80.3445,1860,475,148,475,11,0,1,225,183,390,842,11,0.1500,0.0000,0.0000,Fps,0,0,0
395,22.2572,44.9293,1860,475,148,475,11,0,1,225,183,390,842,11,0.1500,0.0000,0.0000,Fps,0,0,0
396,11.8822,84.1595,1860,475,148,475,11,0,1,225,183,390,842,11,0.1500,0.0000,0.0000,Fps,0,0,0
397,11.9372,83.7717,1860,475,148,475,11,0,1,225,183,390,842,11,0.1500,0.0000,0.0000,Fps,0,0,0
398,13.3244,75.0503,1860,475,148,475,11,0,1,225,183,390,842,11,0.1500,0.0000,0.0000,Fps,0,0,0
399,10.1884,98.1508,1860,475,148,475,11,0,1,225,183,390,842,11,0.1500,0.0000,0.0000,Fps,0,0,0
400,11.2557,88.8439,1860,475,148,475,11,0,1,225,183,390,842,11,0.1500,0.0000,0.0000,Fps,0,0,0
401,12.6098,79.3034,1860,475,148,475,11,0,1,225,183,390,842,11,0.1500,0.0000,0.0000,Fps,0,0,0
402,13.1766,75.8921,1860,475,148,475,11,0,1,225,183,390,842,11,0.1500,0.0000,0.0000,Fps,0,0,0
403,10.6416,93.9708,1860,475,148,475,11,0,1,225,183,390,842,11,0.1500,0.0000,0.0000,Fps,0,0,0
404,12.1686,82.1787,1860,475,148,475,11,0,1,225,183,390,842,11,0.1500,0.0000,0.0000,Fps,0,0,0
405,12.5967,79.3859,1860,475,148,475,11,0,1,225,183,390,842,11,0.1500,0.0000,0.0000,Fps,0,0,0
406,12.8548,77.7920,1860,475,148,475,11,0,1,225,183,390,842,11,0.1500,0.0000,0.0000,Fps,0,0,0
407,11.2845,88.6171,1860,475,148,475,11,0,1,225,183,390,842,11,0.1500,0.0000,0.0000,Fps,0,0,0
408,12.0124,83.2473,1860,475,148,475,11,0,1,225,183,390,842,11,0.1500,0.0000,0.0000,Fps,0,0,0
409,11.4367,87.4378,1860,475,148,475,11,0,1,225,183,390,842,11,0.1500,0.0000,0.0000,Fps,0,0,0
410,13.0829,76.4357,1860,475,148,475,11,0,1,225,183,390,842,11,0.1500,0.0000,0.0000,Fps,0,0,0
411,11.6508,85.8310,1860,475,148,475,11,0,1,225,183,390,842,11,0.1500,0.0000,0.0000,Fps,0,0,0
412,10.4249,95.9242,1860,475,148,475,11,0,1,225,183,390,842,11,0.1500,0.0000,0.0000,Fps,0,0,0
413,10.9567,91.2684,1860,475,148,475,11,0,1,225,183,390,842,11,0.1500,0.0000,0.0000,Fps,0,0,0
414,12.2042,81.9390,1860,475,148,475,11,0,1,225,183,390,842,11,0.1500,0.0000,0.0000,Fps,0,0,0
415,10.5477,94.8074,1860,475,148,475,11,0,1,225,183,390,842,11,0.1500,0.0000,0.0000,Fps,0,0,0
416,11.0316,90.6487,1860,475,148,475,11,0,1,225,183,390,842,11,0.1500,0.0000,0.0000,Fps,0,0,0
417,12.3034,81.2783,1860,475,148,475,11,0,1,225,183,390,842,11,0.1500,0.0000,0.0000,Fps,0,0,0
418,13.7753,72.5937,1860,475,148,475,11,0,1,225,183,390,842,11,0.1500,0.0000,0.0000,Fps,0,0,0
419,14.2220,70.3136,1860,475,148,475,11,0,1,225,183,390,842,11,0.1500,0.0000,0.0000,Fps,0,0,0
420,10.3725,96.4088,1860,475,148,475,11,0,1,225,183,390,842,11,0.1500,0.0000,0.0000,Fps,0,0,0
421,11.8658,84.2758,1860,475,148,475,11,0,1,225,183,390,842,11,0.1500,0.0000,0.0000,Fps,0,0,0
422,12.5926,79.4117,1860,475,148,475,11,0,1,225,183,390,842,11,0.1500,0.0000,0.0000,Fps,0,0,0
423,12.5536,79.6584,1860,475,148,475,11,0,1,225,183,390,842,11,0.1500,0.0000,0.0000,Fps,0,0,0
424,10.8141,92.4719,1860,475,148,475,11,0,1,225,183,390,842,11,0.1500,0.0000,0.0000,Fps,0,0,0
425,11.3279,88.2776,1860,475,148,475,11,0,1,225,183,390,842,11,0.1500,0.0000,0.0000,Fps,0,0,0
426,12.3443,81.0090,1860,475,148,475,11,0,1,225,183,390,842,11,0.1500,0.0000,0.0000,Fps,0,0,0
427,12.2777,81.4485,1860,475,148,475,11,0,1,225,183,390,842,11,0.1500,0.0000,0.0000,Fps,0,0,0
428,10.4791,95.4280,1860,475,148,475,11,0,1,225,183,390,842,11,0.1500,0.0000,0.0000,Fps,0,0,0
429,11.1826,89.4246,1860,475,148,475,11,0,1,225,183,390,842,11,0.1500,0.0000,0.0000,Fps,0,0,0
430,12.5215,79.8626,1860,475,148,475,11,0,1,225,183,390,842,11,0.1500,0.0000,0.0000,Fps,0,0,0
431,11.7155,85.3570,1860,475,148,475,11,0,1,225,183,390,842,11,0.1500,0.0000,0.0000,Fps,0,0,0
432,11.2507,88.8834,1860,475,148,475,11,0,1,225,183,390,842,11,0.1500,0.0000,0.0000,Fps,0,0,0
433,12.0085,83.2743,1860,475,148,475,11,0,1,225,183,390,842,11,0.1500,0.0000,0.0000,Fps,0,0,0
434,12.7239,78.5923,1860,475,148,475,11,0,1,225,183,390,842,11,0.1500,0.0000,0.0000,Fps,0,0,0
435,13.0502,76.6272,1860,475,148,475,11,0,1,225,183,390,842,11,0.1500,0.0000,0.0000,Fps,0,0,0
436,13.0776,76.4666,1860,475,148,475,11,0,1,225,183,390,842,11,0.1500,0.0000,0.0000,Fps,0,0,0
437,10.8776,91.9320,1860,475,148,475,11,0,1,225,183,390,842,11,0.1500,0.0000,0.0000,Fps,0,0,0
438,12.3390,81.0438,1860,475,148,475,11,0,1,225,183,390,842,11,0.1500,0.0000,0.0000,Fps,0,0,0
439,12.5700,79.5545,1860,475,148,475,11,0,1,225,183,390,842,11,0.1500,0.0000,0.0000,Fps,0,0,0
440,12.4214,80.5062,1860,475,148,475,11,0,1,225,183,390,842,11,0.1500,0.0000,0.0000,Fps,0,0,0
441,10.2549,97.5144,1860,475,148,475,11,0,1,225,183,390,842,11,0.1500,0.0000,0.0000,Fps,0,0,0
442,11.9705,83.5387,1860,475,148,475,11,0,1,225,183,390,842,11,0.1500,0.0000,0.0000,Fps,0,0,0
443,12.1557,82.2659,1860,475,148,475,11,0,1,225,183,390,842,11,0.1500,0.0000,0.0000,Fps,0,0,0
444,12.2789,81.4405,1860,475,148,475,11,0,1,225,183,390,842,11,0.1500,0.0000,0.0000,Fps,0,0,0
445,10.8881,91.8434,1860,475,148,475,11,0,1,225,183,390,842,11,0.1500,0.0000,0.0000,Fps,0,0,0
446,11.6311,85.9764,1860,475,148,475,11,0,1,225,183,390,842,11,0.1500,0.0000,0.0000,Fps,0,0,0
447,12.2184,81.8438,1860,475,148,475,11,0,1,225,183,390,842,11,0.1500,0.0000,0.0000,Fps,0,0,0
448,12.1850,82.0681,1860,475,148,475,11,0,1,225,183,390,842,11,0.1500,0.0000,0.0000,Fps,0,0,0
449,10.7882,92.6939,1860,475,148,475,11,0,1,225,183,390,842,11,0.1500,0.0000,0.0000,Fps,0,0,0
450,11.8240,84.5737,1860,475,148,475,11,0,1,225,183,390,842,11,0.1500,0.0000,0.0000,Fps,0,0,0
451,11.8084,84.6855,1860,475,148,475,11,0,1,225,183,390,842,11,0.1500,0.0000,0.0000,Fps,0,0,0
452,11.9830,83.4516,1860,475,148,475,11,0,1,225,183,390,842,11,0.1500,0.0000,0.0000,Fps,0,0,0
453,10.7705,92.8462,1860,475,148,475,11,0,1,225,183,390,842,11,0.1500,0.0000,0.0000,Fps,0,0,0
454,11.9294,83.8265,1860,475,148,475,11,0,1,225,183,390,842,11,0.1500,0.0000,0.0000,Fps,0,0,0
455,12.3815,80.7657,1860,475,148,475,11,0,1,225,183,390,842,11,0.1500,0.0000,0.0000,Fps,0,0,0
456,12.3320,81.0898,1860,475,148,475,11,0,1,225,183,390,842,11,0.1500,0.0000,0.0000,Fps,0,0,0
457,10.3516,96.6034,1860,475,148,475,11,0,1,225,183,390,842,11,0.1500,0.0000,0.0000,Fps,0,0,0
458,11.3163,88.3681,1860,475,148,475,11,0,1,225,183,390,842,11,0.1500,0.0000,0.0000,Fps,0,0,0
459,12.0758,82.8102,1860,475,148,475,11,0,1,225,183,390,842,11,0.1500,0.0000,0.0000,Fps,0,0,0
460,12.4093,80.5847,1860,475,148,475,11,0,1,225,183,390,842,11,0.1500,0.0000,0.0000,Fps,0,0,0
461,9.6865,103.2365,1860,475,148,475,11,0,1,225,183,390,842,11,0.1500,0.0000,0.0000,Fps,0,0,0
462,11.0317,90.6479,1860,475,148,475,11,0,1,225,183,390,842,11,0.1500,0.0000,0.0000,Fps,0,0,0
463,12.2390,81.7060,1860,475,148,475,11,0,1,225,183,390,842,11,0.1500,0.0000,0.0000,Fps,0,0,0
464,12.7179,78.6293,1860,475,148,475,11,0,1,225,183,390,842,11,0.1500,0.0000,0.0000,Fps,0,0,0
465,11.2211,89.1178,1860,475,148,475,11,0,1,225,183,390,842,11,0.1500,0.0000,0.0000,Fps,0,0,0
466,11.3978,87.7362,1860,475,148,475,11,0,1,225,183,390,842,11,0.1500,0.0000,0.0000,Fps,0,0,0
467,13.1925,75.8006,1860,475,148,475,11,0,1,225,183,390,842,11,0.1500,0.0000,0.0000,Fps,0,0,0
468,12.2686,81.5089,1860,475,148,475,11,0,1,225,183,390,842,11,0.1500,0.0000,0.0000,Fps,0,0,0
469,10.7099,93.3716,1860,475,148,475,11,0,1,225,183,390,842,11,0.1500,0.0000,0.0000,Fps,0,0,0
470,11.8774,84.1935,1860,475,148,475,11,0,1,225,183,390,842,11,0.1500,0.0000,0.0000,Fps,0,0,0
471,12.4739,80.1674,1860,475,148,475,11,0,1,225,183,390,842,11,0.1500,0.0000,0.0000,Fps,0,0,0
472,11.7081,85.4110,1860,475,148,475,11,0,1,225,183,390,842,11,0.1500,0.0000,0.0000,Fps,0,0,0
473,10.1136,98.8768,1860,475,148,475,11,0,1,225,183,390,842,11,0.1500,0.0000,0.0000,Fps,0,0,0
474,11.3273,88.2823,1860,475,148,475,11,0,1,225,183,390,842,11,0.1500,0.0000,0.0000,Fps,0,0,0
475,12.8850,77.6096,1860,475,148,475,11,0,1,225,183,390,842,11,0.1500,0.0000,0.0000,Fps,0,0,0
476,11.9788,83.4808,1860,475,148,475,11,0,1,225,183,390,842,11,0.1500,0.0000,0.0000,Fps,0,0,0
477,9.7974,102.0679,1860,475,148,475,11,0,1,225,183,390,842,11,0.1500,0.0000,0.0000,Fps,0,0,0
478,12.1144,82.5464,1860,475,148,475,11,0,1,225,183,390,842,11,0.1500,0.0000,0.0000,Fps,0,0,0
479,12.0559,82.9469,1860,475,148,475,11,0,1,225,183,390,842,11,0.1500,0.0000,0.0000,Fps,0,0,0
480,12.9294,77.3431,1860,475,148,475,11,0,1,225,183,390,842,11,0.1500,0.0000,0.0000,Fps,0,0,0
481,9.7737,102.3154,1860,475,148,475,11,0,1,225,183,390,842,11,0.1500,0.0000,0.0000,Fps,0,0,0
482,11.4777,87.1255,1860,475,148,475,11,0,1,225,183,390,842,11,0.1500,0.0000,0.0000,Fps,0,0,0
483,12.6491,79.0570,1860,475,148,475,11,0,1,225,183,390,842,11,0.1500,0.0000,0.0000,Fps,0,0,0
484,13.6056,73.4991,1860,475,148,475,11,0,1,225,183,390,842,11,0.1500,0.0000,0.0000,Fps,0,0,0
485,9.5784,104.4016,1860,475,148,475,11,0,1,225,183,390,842,11,0.1500,0.0000,0.0000,Fps,0,0,0
486,11.2708,88.7248,1860,475,148,475,11,0,1,225,183,390,842,11,0.1500,0.0000,0.0000,Fps,0,0,0
487,12.9218,77.3886,1860,475,148,475,11,0,1,225,183,390,842,11,0.1500,0.0000,0.0000,Fps,0,0,0
488,11.3419,88.1686,1860,475,148,475,11,0,1,225,183,390,842,11,0.1500,0.0000,0.0000,Fps,0,0,0
489,9.9725,100.2758,1860,475,148,475,11,0,1,225,183,390,842,11,0.1500,0.0000,0.0000,Fps,0,0,0
490,11.5200,86.8056,1860,475,148,475,11,0,1,225,183,390,842,11,0.1500,0.0000,0.0000,Fps,0,0,0
491,12.9194,77.4030,1860,475,148,475,11,0,1,225,183,390,842,11,0.1500,0.0000,0.0000,Fps,0,0,0
492,10.9874,91.0133,1860,475,148,475,11,0,1,225,183,390,842,11,0.1500,0.0000,0.0000,Fps,0,0,0
493,11.2453,88.9260,1860,475,148,475,11,0,1,225,183,390,842,11,0.1500,0.0000,0.0000,Fps,0,0,0
494,12.5466,79.7029,1860,475,148,475,11,0,1,225,183,390,842,11,0.1500,0.0000,0.0000,Fps,0,0,0
495,13.4792,74.1884,1860,475,148,475,11,0,1,225,183,390,842,11,0.1500,0.0000,0.0000,Fps,0,0,0
496,12.3396,81.0399,1860,475,148,475,11,0,1,225,183,390,842,11,0.1500,0.0000,0.0000,Fps,0,0,0
497,11.4588,87.2692,1860,475,148,475,11,0,1,225,183,390,842,11,0.1500,0.0000,0.0000,Fps,0,0,0
498,10.7696,92.8540,1860,475,148,475,11,0,1,225,183,390,842,11,0.1500,0.0000,0.0000,Fps,0,0,0
499,12.8491,77.8265,1860,475,148,475,11,0,1,225,183,390,842,11,0.1500,0.0000,0.0000,Fps,0,0,0
500,11.8829,84.1545,1860,475,148,475,11,0,1,225,183,390,842,11,0.1500,0.0000,0.0000,Fps,0,0,0
501,10.9919,90.9761,1860,475,148,475,11,0,1,225,183,390,842,11,0.1500,0.0000,0.0000,Fps,0,0,0
502,11.6100,86.1326,1860,475,148,475,11,0,1,225,183,390,842,11,0.1500,0.0000,0.0000,Fps,0,0,0
503,12.8276,77.9569,1860,475,148,475,11,0,1,225,183,390,842,11,0.1500,0.0000,0.0000,Fps,0,0,0
504,12.5753,79.5210,1860,475,148,475,11,0,1,225,183,390,842,11,0.1500,0.0000,0.0000,Fps,0,0,0
505,10.2927,97.1562,1860,475,148,475,11,0,1,225,183,390,842,11,0.1500,0.0000,0.0000,Fps,0,0,0
506,11.2155,89.1623,1860,475,148,475,11,0,1,225,183,390,842,11,0.1500,0.0000,0.0000,Fps,0,0,0
507,12.4676,80.2079,1860,475,148,475,11,0,1,225,183,390,842,11,0.1500,0.0000,0.0000,Fps,0,0,0
508,12.7019,78.7284,1860,475,148,475,11,0,1,225,183,390,842,11,0.1500,0.0000,0.0000,Fps,0,0,0
509,10.1207,98.8074,1860,475,148,475,11,0,1,225,183,390,842,11,0.1500,0.0000,0.0000,Fps,0,0,0
510,11.0584,90.4290,1860,475,148,475,11,0,1,225,183,390,842,11,0.1500,0.0000,0.0000,Fps,0,0,0
511,12.3172,81.1873,1860,475,148,475,11,0,1,225,183,390,842,11,0.1500,0.0000,0.0000,Fps,0,0,0
512,12.4085,80.5899,1860,475,148,475,11,0,1,225,183,390,842,11,0.1500,0.0000,0.0000,Fps,0,0,0
513,9.8977,101.0336,1860,475,148,475,11,0,1,225,183,390,842,11,0.1500,0.0000,0.0000,Fps,0,0,0
514,11.2444,88.9332,1860,475,148,475,11,0,1,225,183,390,842,11,0.1500,0.0000,0.0000,Fps,0,0,0
515,12.1998,81.9686,1860,475,148,475,11,0,1,225,183,390,842,11,0.1500,0.0000,0.0000,Fps,0,0,0
516,12.3351,81.0695,1860,475,148,475,11,0,1,225,183,390,842,11,0.1500,0.0000,0.0000,Fps,0,0,0
517,9.7812,102.2369,1860,475,148,475,11,0,1,225,183,390,842,11,0.1500,0.0000,0.0000,Fps,0,0,0
518,11.2299,89.0480,1860,475,148,475,11,0,1,225,183,390,842,11,0.1500,0.0000,0.0000,Fps,0,0,0
519,13.1523,76.0323,1860,475,148,475,11,0,1,225,183,390,842,11,0.1500,0.0000,0.0000,Fps,0,0,0
520,11.1757,89.4799,1860,475,148,475,11,0,1,225,183,390,842,11,0.1500,0.0000,0.0000,Fps,0,0,0
521,11.5700,86.4304,1860,475,148,475,11,0,1,225,183,390,842,11,0.1500,0.0000,0.0000,Fps,0,0,0
522,13.3012,75.1812,1860,475,148,475,11,0,1,225,183,390,842,11,0.1500,0.0000,0.0000,Fps,0,0,0
523,12.6245,79.2111,1860,475,148,475,11,0,1,225,183,390,842,11,0.1500,0.0000,0.0000,Fps,0,0,0
524,12.9255,77.3664,1860,475,148,475,11,0,1,225,183,390,842,11,0.1500,0.0000,0.0000,Fps,0,0,0
525,10.9685,91.1702,1860,475,148,475,11,0,1,225,183,390,842,11,0.1500,0.0000,0.0000,Fps,0,0,0
526,11.4783,87.1209,1860,475,148,475,11,0,1,225,183,390,842,11,0.1500,0.0000,0.0000,Fps,0,0,0
527,11.6771,85.6377,1860,475,148,475,11,0,1,225,183,390,842,11,0.1500,0.0000,0.0000,Fps,0,0,0
528,12.7767,78.2675,1860,475,148,475,11,0,1,225,183,390,842,11,0.1500,0.0000,0.0000,Fps,0,0,0
529,9.8417,101.6085,1860,475,148,475,11,0,1,225,183,390,842,11,0.1500,0.0000,0.0000,Fps,0,0,0
530,10.8441,92.2160,1860,475,148,475,11,0,1,225,183,390,842,11,0.1500,0.0000,0.0000,Fps,0,0,0
531,13.2371,75.5452,1860,475,148,475,11,0,1,225,183,390,842,11,0.1500,0.0000,0.0000,Fps,0,0,0
532,11.9171,83.9130,1860,475,148,475,11,0,1,225,183,390,842,11,0.1500,0.0000,0.0000,Fps,0,0,0
533,9.7969,102.0731,1860,475,148,475,11,0,1,225,183,390,842,11,0.1500,0.0000,0.0000,Fps,0,0,0
534,11.6066,86.1579,1860,475,148,475,11,0,1,225,183,390,842,11,0.1500,0.0000,0.0000,Fps,0,0,0
535,11.8309,84.5244,1860,475,148,475,11,0,1,225,183,390,842,11,0.1500,0.0000,0.0000,Fps,0,0,0
536,9.9373,100.6310,1860,475,148,475,11,0,1,225,183,390,842,11,0.1500,0.0000,0.0000,Fps,0,0,0
537,11.3301,88.2605,1860,475,148,475,11,0,1,225,183,390,842,11,0.1500,0.0000,0.0000,Fps,0,0,0
538,11.9292,83.8279,1860,475,148,475,11,0,1,225,183,390,842,11,0.1500,0.0000,0.0000,Fps,0,0,0
539,12.1025,82.6276,1860,475,148,475,11,0,1,225,183,390,842,11,0.1500,0.0000,0.0000,Fps,0,0,0
540,10.9175,91.5961,1860,475,148,475,11,0,1,225,183,390,842,11,0.1500,0.0000,0.0000,Fps,0,0,0
541,11.7186,85.3344,1860,475,148,475,11,0,1,225,183,390,842,11,0.1500,0.0000,0.0000,Fps,0,0,0
542,12.5834,79.4698,1860,475,148,475,11,0,1,225,183,390,842,11,0.1500,0.0000,0.0000,Fps,0,0,0
543,11.9330,83.8012,1860,475,148,475,11,0,1,225,183,390,842,11,0.1500,0.0000,0.0000,Fps,0,0,0
544,9.7137,102.9474,1860,475,148,475,11,0,1,225,183,390,842,11,0.1500,0.0000,0.0000,Fps,0,0,0
545,11.3840,87.8426,1860,475,148,475,11,0,1,225,183,390,842,11,0.1500,0.0000,0.0000,Fps,0,0,0
546,12.2533,81.6107,1860,475,148,475,11,0,1,225,183,390,842,11,0.1500,0.0000,0.0000,Fps,0,0,0
547,12.0419,83.0434,1860,475,148,475,11,0,1,225,183,390,842,11,0.1500,0.0000,0.0000,Fps,0,0,0
548,10.1352,98.6660,1860,475,148,475,11,0,1,225,183,390,842,11,0.1500,0.0000,0.0000,Fps,0,0,0
549,11.2250,89.0869,1860,475,148,475,11,0,1,225,183,390,842,11,0.1500,0.0000,0.0000,Fps,0,0,0
550,12.8007,78.1207,1860,475,148,475,11,0,1,225,183,390,842,11,0.1500,0.0000,0.0000,Fps,0,0,0
551,10.1409,98.6106,1860,475,148,475,11,0,1,225,183,390,842,11,0.1500,0.0000,0.0000,Fps,0,0,0
552,11.2479,88.9055,1860,475,148,475,11,0,1,225,183,390,842,11,0.1500,0.0000,0.0000,Fps,0,0,0
553,12.4723,80.1777,1860,475,148,475,11,0,1,225,183,390,842,11,0.1500,0.0000,0.0000,Fps,0,0,0
554,12.5439,79.7200,1860,475,148,475,11,0,1,225,183,390,842,11,0.1500,0.0000,0.0000,Fps,0,0,0
555,9.8846,101.1675,1860,475,148,475,11,0,1,225,183,390,842,11,0.1500,0.0000,0.0000,Fps,0,0,0
556,11.2014,89.2746,1860,475,148,475,11,0,1,225,183,390,842,11,0.1500,0.0000,0.0000,Fps,0,0,0
557,13.0678,76.5240,1860,475,148,475,11,0,1,225,183,390,842,11,0.1500,0.0000,0.0000,Fps,0,0,0
558,13.1057,76.3027,1860,475,148,475,11,0,1,225,183,390,842,11,0.1500,0.0000,0.0000,Fps,0,0,0
559,10.0210,99.7904,1860,475,148,475,11,0,1,225,183,390,842,11,0.1500,0.0000,0.0000,Fps,0,0,0
560,11.3390,88.1912,1860,475,148,475,11,0,1,225,183,390,842,11,0.1500,0.0000,0.0000,Fps,0,0,0
561,13.1862,75.8369,1860,475,148,475,11,0,1,225,183,390,842,11,0.1500,0.0000,0.0000,Fps,0,0,0
562,11.4111,87.6340,1860,475,148,475,11,0,1,225,183,390,842,11,0.1500,0.0000,0.0000,Fps,0,0,0
563,10.7469,93.0501,1860,475,148,475,11,0,1,225,183,390,842,11,0.1500,0.0000,0.0000,Fps,0,0,0
564,11.3486,88.1166,1860,475,148,475,11,0,1,225,183,390,842,11,0.1500,0.0000,0.0000,Fps,0,0,0
565,13.3222,75.0627,1860,475,148,475,11,0,1,225,183,390,842,11,0.1500,0.0000,0.0000,Fps,0,0,0
566,11.9849,83.4383,1860,475,148,475,11,0,1,225,183,390,842,11,0.1500,0.0000,0.0000,Fps,0,0,0
567,10.5460,94.8227,1860,475,148,475,11,0,1,225,183,390,842,11,0.1500,0.0000,0.0000,Fps,0,0,0
568,11.5732,86.4065,1860,475,148,475,11,0,1,225,183,390,842,11,0.1500,0.0000,0.0000,Fps,0,0,0
569,12.5826,79.4748,1860,475,148,475,11,0,1,225,183,390,842,11,0.1500,0.0000,0.0000,Fps,0,0,0
570,12.8131,78.0451,1860,475,148,475,11,0,1,225,183,390,842,11,0.1500,0.0000,0.0000,Fps,0,0,0
571,11.5311,86.7220,1860,475,148,475,11,0,1,225,183,390,842,11,0.1500,0.0000,0.0000,Fps,0,0,0
572,10.1843,98.1904,1860,475,148,475,11,0,1,225,183,390,842,11,0.1500,0.0000,0.0000,Fps,0,0,0
573,11.1016,90.0771,1860,475,148,475,11,0,1,225,183,390,842,11,0.1500,0.0000,0.0000,Fps,0,0,0
574,12.4022,80.6309,1860,475,148,475,11,0,1,225,183,390,842,11,0.1500,0.0000,0.0000,Fps,0,0,0
575,11.0429,90.5559,1860,475,148,475,11,0,1,225,183,390,842,11,0.1500,0.0000,0.0000,Fps,0,0,0
576,11.5923,86.2642,1860,475,148,475,11,0,1,225,183,390,842,11,0.1500,0.0000,0.0000,Fps,0,0,0
577,12.5197,79.8741,1860,475,148,475,11,0,1,225,183,390,842,11,0.1500,0.0000,0.0000,Fps,0,0,0
578,12.5379,79.7582,1860,475,148,475,11,0,1,225,183,390,842,11,0.1500,0.0000,0.0000,Fps,0,0,0
579,10.2124,97.9202,1860,475,148,475,11,0,1,225,183,390,842,11,0.1500,0.0000,0.0000,Fps,0,0,0
580,11.8887,84.1135,1860,475,148,475,11,0,1,225,183,390,842,11,0.1500,0.0000,0.0000,Fps,0,0,0
581,12.8975,77.5344,1860,475,148,475,11,0,1,225,183,390,842,11,0.1500,0.0000,0.0000,Fps,0,0,0
582,12.5953,79.3947,1860,475,148,475,11,0,1,225,183,390,842,11,0.1500,0.0000,0.0000,Fps,0,0,0
583,10.0670,99.3345,1860,475,148,475,11,0,1,225,183,390,842,11,0.1500,0.0000,0.0000,Fps,0,0,0
584,11.5896,86.2843,1860,475,148,475,11,0,1,225,183,390,842,11,0.1500,0.0000,0.0000,Fps,0,0,0
585,12.6177,79.2537,1860,475,148,475,11,0,1,225,183,390,842,11,0.1500,0.0000,0.0000,Fps,0,0,0
586,11.7245,85.2915,1860,475,148,475,11,0,1,225,183,390,842,11,0.1500,0.0000,0.0000,Fps,0,0,0
587,10.6125,94.2285,1860,475,148,475,11,0,1,225,183,390,842,11,0.1500,0.0000,0.0000,Fps,0,0,0
588,12.1041,82.6166,1860,475,148,475,11,0,1,225,183,390,842,11,0.1500,0.0000,0.0000,Fps,0,0,0
589,12.1029,82.6248,1860,475,148,475,11,0,1,225,183,390,842,11,0.1500,0.0000,0.0000,Fps,0,0,0
590,12.1733,82.1470,1860,475,148,475,11,0,1,225,183,390,842,11,0.1500,0.0000,0.0000,Fps,0,0,0
591,10.1674,98.3536,1860,475,148,475,11,0,1,225,183,390,842,11,0.1500,0.0000,0.0000,Fps,0,0,0
592,11.4166,87.5918,1860,475,148,475,11,0,1,225,183,390,842,11,0.1500,0.0000,0.0000,Fps,0,0,0
593,12.3114,81.2255,1860,475,148,475,11,0,1,225,183,390,842,11,0.1500,0.0000,0.0000,Fps,0,0,0
594,12.2067,81.9222,1860,475,148,475,11,0,1,225,183,390,842,11,0.1500,0.0000,0.0000,Fps,0,0,0
595,10.2339,97.7145,1860,475,148,475,11,0,1,225,183,390,842,11,0.1500,0.0000,0.0000,Fps,0,0,0
596,11.6321,85.9690,1860,475,148,475,11,0,1,225,183,390,842,11,0.1500,0.0000,0.0000,Fps,0,0,0
597,12.1342,82.4117,1860,475,148,475,11,0,1,225,183,390,842,11,0.1500,0.0000,0.0000,Fps,0,0,0
598,12.6900,78.8022,1860,475,148,475,11,0,1,225,183,390,842,11,0.1500,0.0000,0.0000,Fps,0,0,0
599,10.0753,99.2526,1860,475,148,475,11,0,1,225,183,390,842,11,0.1500,0.0000,0.0000,Fps,0,0,0
600,11.7576,85.0514,1860,475,148,475,11,0,1,225,183,390,842,11,0.1500,0.0000,0.0000,Fps,0,0,0
